Date,ATULAUTO,GOODYEAR,AXISBANK,ALCHEM,COALINDIA,NDTV,GUJALKALI
2018-01-01,442.1337890625,1033.19873046875,564.1494140625,14.869999885559082,218.54580688476562,45.5,725.4430541992188
2018-01-02,439.3123779296875,1020.076904296875,559.005859375,14.449999809265137,221.74462890625,45.45000076293945,717.1766967773438
2018-01-03,443.2039489746094,1051.6258544921875,559.655029296875,14.449999809265137,223.34400939941406,46.099998474121094,720.2401123046875
2018-01-04,442.1824035644531,1126.7554931640625,558.6063232421875,14.670000076293945,227.85520935058594,46.599998474121094,737.5994262695312
2018-01-05,440.91766357421875,1165.0782470703125,562.401611328125,14.399999618530273,228.63442993164062,46.599998474121094,767.601318359375
2018-01-08,437.60980224609375,1153.661865234375,564.6488037109375,14.609999656677246,236.09835815429688,46.95000076293945,772.2693481445312
2018-01-09,439.5555725097656,1145.9405517578125,564.4490966796875,14.399999618530273,249.38580322265625,48.150001525878906,831.446533203125
2018-01-10,436.685546875,1138.8349609375,561.852294921875,14.4399995803833,252.70765686035156,49.599998474121094,845.4020385742188
2018-01-11,439.1664123535156,1140.208740234375,557.5576171875,14.220000267028809,252.54359436035156,50.599998474121094,829.3556518554688
2018-01-12,437.22064208984375,1157.6409912109375,555.0607299804688,14.390000343322754,252.62562561035156,49.45000076293945,818.4635009765625
2018-01-15,437.31793212890625,1179.620849609375,560.0045776367188,14.449999809265137,250.5341339111328,49.099998474121094,891.4016723632812
2018-01-16,444.9552001953125,1176.1156005859375,558.0570068359375,13.989999771118164,239.09213256835938,47.849998474121094,865.5816040039062
2018-01-17,443.0093994140625,1148.40380859375,584.0247802734375,13.979999542236328,238.92807006835938,47.25,875.258056640625
2018-01-18,445.3929748535156,1122.3499755859375,582.97607421875,13.850000381469727,232.2023468017578,45.95000076293945,845.8883056640625
2018-01-19,430.0212097167969,1114.5810546875,589.5179443359375,13.899999618530273,233.3096466064453,45.900001525878906,849.826904296875
2018-01-22,429.6320495605469,1114.676025390625,610.2921142578125,13.979999542236328,233.22763061523438,45.0,864.7550048828125
2018-01-23,426.5673828125,1096.2962646484375,618.1324462890625,13.9399995803833,240.3224639892578,46.5,853.1820678710938
2018-01-24,425.8377380371094,1076.779541015625,607.1460571289062,13.399999618530273,242.00389099121094,46.099998474121094,826.632568359375
2018-01-25,421.8974914550781,1065.931640625,612.98876953125,13.5,245.77688598632812,45.95000076293945,802.7088623046875
2018-01-29,411.6333923339844,1061.7630615234375,604.649169921875,13.600000381469727,246.51507568359375,44.95000076293945,774.5547485351562
2018-01-30,407.449951171875,1063.373779296875,592.6640625,13.4399995803833,250.7391815185547,45.0,741.4407958984375
2018-01-31,396.748046875,1062.89990234375,592.6640625,12.989999771118164,244.91563415527344,42.75,733.855224609375
2018-02-01,403.4610595703125,1022.256103515625,589.468017578125,13.399999618530273,242.6190643310547,42.150001525878906,731.1808471679688
2018-02-02,404.14208984375,967.8273315429688,564.2493286132812,12.989999771118164,239.62527465820312,40.95000076293945,687.9041748046875
2018-02-05,400.4936828613281,950.1107177734375,565.3978881835938,12.350000381469727,242.00389099121094,41.75,722.622802734375
2018-02-06,401.8557434082031,949.7791137695312,563.4003295898438,11.850000381469727,238.39492797851562,40.849998474121094,702.4432373046875
2018-02-07,405.7960205078125,991.7968139648438,558.007080078125,12.399999618530273,244.30047607421875,42.849998474121094,702.9780883789062
2018-02-08,415.087158203125,1029.6458740234375,567.794921875,13.020000457763672,246.14598083496094,44.95000076293945,709.7369995117188
2018-02-09,411.7793273925781,1042.3411865234375,556.8085327148438,12.899999618530273,246.43307495117188,46.79999923706055,722.2824096679688
2018-02-12,415.5250244140625,1090.2327880859375,562.1019897460938,12.989999771118164,246.22801208496094,46.45000076293945,739.30126953125
2018-02-14,407.6931457519531,1101.7437744140625,543.275390625,12.529999732971191,252.2975616455078,44.349998474121094,748.5887451171875
2018-02-15,409.24981689453125,1109.3232421875,543.0756225585938,12.3100004196167,252.09251403808594,44.599998474121094,781.5081787109375
2018-02-16,404.725830078125,1108.6126708984375,537.0830688476562,12.0,248.52456665039062,45.0,768.1848754882812
2018-02-19,404.96905517578125,1102.217529296875,538.7809448242188,11.970000267028809,249.87794494628906,43.650001525878906,745.86572265625
2018-02-20,399.1316833496094,1102.549072265625,531.0405883789062,11.380000114440918,254.47113037109375,42.150001525878906,731.278076171875
2018-02-21,400.7369689941406,1116.2391357421875,534.5362548828125,11.600000381469727,255.00424194335938,43.599998474121094,734.5846557617188
2018-02-22,400.0072326660156,1130.260986328125,529.3426513671875,11.59000015258789,255.94747924804688,42.849998474121094,720.2401123046875
2018-02-23,402.8773193359375,1137.129638671875,535.884521484375,11.180000305175781,254.7172088623047,43.400001525878906,731.0349731445312
2018-02-26,408.56878662109375,1127.987060546875,551.614990234375,11.699999809265137,257.7109680175781,43.400001525878906,739.252685546875
2018-02-27,413.8710632324219,1132.392578125,536.8333740234375,11.600000381469727,254.79920959472656,42.400001525878906,730.1597290039062
2018-02-28,413.48193359375,1127.6080322265625,528.943115234375,11.069999694824219,253.89697265625,42.25,716.6904296875
2018-03-01,424.5242919921875,1131.397705078125,525.4474487304688,11.350000381469727,256.5626525878906,42.70000076293945,707.2571411132812
2018-03-05,410.6605224609375,1124.765869140625,523.0005493164062,10.930000305175781,250.5751190185547,44.150001525878906,688.536376953125
2018-03-06,416.9843444824219,1122.0657958984375,516.1589965820312,11.050000190734863,251.3543243408203,43.29999923706055,688.341796875
2018-03-07,412.119873046875,1105.864990234375,512.1640014648438,10.600000381469727,251.3543243408203,41.599998474121094,689.6547241210938
2018-03-08,415.5250244140625,1116.665771484375,519.5048828125,10.180000305175781,250.90318298339844,40.70000076293945,690.9189453125
2018-03-09,419.2220458984375,1125.5238037109375,504.7232360839844,10.649999618530273,249.91897583007812,41.70000076293945,681.9232788085938
2018-03-12,420.1949157714844,1127.1817626953125,518.5560913085938,10.680000305175781,244.2594451904297,42.45000076293945,686.542724609375
2018-03-13,421.36236572265625,1124.2447509765625,530.1416625976562,10.479999542236328,241.75784301757812,43.5,688.1472778320312
2018-03-14,431.9670104980469,1120.928955078125,534.8857421875,10.9399995803833,240.7735595703125,45.599998474121094,684.4031372070312
2018-03-15,425.4971923828125,1118.8446044921875,528.2940063476562,10.869999885559082,242.37298583984375,45.099998474121094,690.33544921875
2018-03-16,431.8697204589844,1128.50830078125,522.80078125,10.350000381469727,242.1123809814453,44.29999923706055,700.6441040039062
2018-03-19,419.4652099609375,1119.5078125,519.604736328125,9.84000015258789,236.03134155273438,43.900001525878906,675.407470703125
2018-03-20,421.4596862792969,1116.4285888671875,520.2539672851562,10.09000015258789,234.8585662841797,44.45000076293945,676.7689819335938
2018-03-21,421.9947814941406,1117.1392822265625,524.6984252929688,9.670000076293945,235.5969696044922,43.5,679.0057983398438
2018-03-22,418.6869201660156,1103.9227294921875,517.6571655273438,9.34000015258789,233.68580627441406,44.75,682.1664428710938
2018-03-23,427.58892822265625,1059.4893798828125,500.3786315917969,9.010000228881836,233.90296936035156,43.0,686.7858276367188
2018-03-26,426.3241882324219,1058.068115234375,506.8705749511719,8.5600004196167,237.0737762451172,41.599998474121094,691.74560546875
2018-03-27,435.712646484375,1076.7322998046875,510.61590576171875,8.600000381469727,239.24557495117188,42.25,688.6822509765625
2018-03-28,429.5833740234375,1053.37841796875,508.7682189941406,8.170000076293945,246.28221130371094,41.599998474121094,680.2699584960938
2018-04-02,428.6104736328125,1070.526611328125,497.5821228027344,8.569999694824219,241.3305206298828,43.0,693.3502807617188
2018-04-03,428.65911865234375,1135.61376953125,502.67578125,8.989999771118164,241.89520263671875,44.150001525878906,693.15576171875
2018-04-04,427.88079833984375,1135.61376953125,489.5420837402344,8.649999618530273,238.3768768310547,44.849998474121094,689.8978881835938
2018-04-05,434.98297119140625,1151.6251220703125,502.5259704589844,8.65999984741211,240.28805541992188,45.099998474121094,707.45166015625
2018-04-06,435.8099365234375,1141.3929443359375,500.0790100097656,9.09000015258789,239.28904724121094,44.79999923706055,716.3500366210938
2018-04-09,431.4319152832031,1153.5198974609375,517.2576904296875,8.899999618530273,238.42031860351562,45.650001525878906,718.5868530273438
2018-04-10,431.4805603027344,1140.398193359375,545.3228149414062,9.329999923706055,243.67605590820312,44.45000076293945,733.1258544921875
2018-04-11,429.04827880859375,1131.9661865234375,538.8308715820312,9.5,245.28321838378906,44.0,739.836181640625
2018-04-12,425.1080627441406,1137.2242431640625,547.6199340820312,9.649999618530273,244.06700134277344,43.70000076293945,741.1490478515625
2018-04-13,416.4978942871094,1136.6558837890625,541.2279052734375,9.260000228881836,247.88937377929688,43.650001525878906,748.6373291015625
2018-04-16,417.3735046386719,1134.855712890625,541.5275268554688,9.260000228881836,247.6721954345703,43.650001525878906,763.4195556640625
2018-04-17,422.2380065917969,1162.899169921875,531.8894653320312,9.0,249.84400939941406,43.099998474121094,743.9693603515625
2018-04-18,431.0914001464844,1159.772705078125,518.0567016601562,9.029999732971191,247.62872314453125,43.0,752.965087890625
2018-04-19,432.7939453125,1164.7467041015625,512.8631591796875,9.029999732971191,245.7175750732422,43.54999923706055,746.8382568359375
2018-04-20,428.9996643066406,1166.8782958984375,505.2226257324219,8.989999771118164,253.70977783203125,42.150001525878906,735.4598999023438
2018-04-23,428.9996643066406,1158.1619873046875,505.8218994140625,9.289999961853027,251.2339324951172,42.54999923706055,732.0560913085938
2018-04-24,434.49652099609375,1149.3511962890625,504.62335205078125,9.300000190734863,252.01580810546875,42.54999923706055,723.546630859375
2018-04-25,428.65911865234375,1151.814453125,497.7818603515625,9.0,252.53704833984375,41.79999923706055,731.0349731445312
2018-04-26,429.2428894042969,1174.1260986328125,493.9366149902344,8.760000228881836,252.18954467773438,41.5,726.7559204101562
2018-04-27,436.685546875,1186.0633544921875,538.2316284179688,9.149999618530273,248.0631103515625,41.70000076293945,714.3078002929688
2018-04-30,430.84814453125,1207.0487060546875,517.407470703125,9.149999618530273,246.58627319335938,40.650001525878906,728.2633056640625
2018-05-02,435.27484130859375,1202.5009765625,522.80078125,8.760000228881836,243.8932342529297,41.70000076293945,712.654541015625
2018-05-03,429.8265686035156,1198.6639404296875,531.7396850585938,8.529999732971191,241.02650451660156,40.599998474121094,713.5784301757812
2018-05-04,430.4590148925781,1212.4013671875,519.6546630859375,8.789999961853027,236.0747833251953,40.75,704.7772827148438
2018-05-07,430.79949951171875,1204.727294921875,534.2865600585938,8.670000076293945,232.51300048828125,40.900001525878906,698.2128295898438
2018-05-08,426.1781921386719,1198.3797607421875,540.5787353515625,9.100000381469727,233.2948455810547,40.79999923706055,696.7540283203125
2018-05-09,426.51873779296875,1191.6531982421875,547.9195556640625,8.800000190734863,232.5564727783203,40.54999923706055,691.9400634765625
2018-05-10,417.5194396972656,1153.093505859375,546.9708251953125,8.800000190734863,233.5989227294922,40.099998474121094,674.0458984375
2018-05-11,418.39501953125,1157.025146484375,552.513916015625,8.359999656677246,235.0323028564453,39.95000076293945,665.7310180664062
2018-05-14,413.2873229980469,1140.5877685546875,551.5650634765625,7.949999809265137,234.29391479492188,38.20000076293945,661.5977783203125
2018-05-15,415.087158203125,1144.94580078125,548.7685546875,7.579999923706055,229.34219360351562,38.0,648.0313110351562
2018-05-16,406.33111572265625,1146.224609375,548.6686401367188,7.210000038146973,229.9503173828125,38.0,648.7120971679688
2018-05-17,414.1142578125,1166.5941162109375,538.8308715820312,6.849999904632568,235.77072143554688,40.04999923706055,636.166748046875
2018-05-18,411.14697265625,1160.0096435546875,532.039306640625,7.0,231.4271240234375,38.849998474121094,620.2175903320312
2018-05-21,414.3088684082031,1138.3138427734375,528.0443115234375,7.0,234.3373260498047,36.5,633.7354736328125
2018-05-22,409.2011413574219,1133.29248046875,522.6509399414062,7.199999809265137,241.89520263671875,37.04999923706055,627.365478515625
2018-05-23,413.6278381347656,1115.3865966796875,519.70458984375,6.840000152587891,239.59307861328125,36.349998474121094,611.4163818359375
2018-05-24,411.0496520996094,1114.8179931640625,533.7871704101562,6.5,243.11141967773438,37.45000076293945,608.0125732421875
2018-05-25,418.1031799316406,1129.029296875,537.7822265625,6.25,239.8102569580078,37.849998474121094,641.077880859375
2018-05-28,418.9787902832031,1105.201904296875,545.7722778320312,6.300000190734863,247.54190063476562,36.099998474121094,642.0504150390625
2018-05-29,414.7466735839844,1092.1275634765625,545.2229614257812,6.300000190734863,245.1094512939453,36.75,650.0736083984375
2018-05-30,412.1684875488281,1088.4327392578125,539.2304077148438,5.989999771118164,250.84300231933594,36.349998474121094,641.077880859375
2018-05-31,413.4332580566406,1056.7891845703125,542.6261596679688,6.230000019073486,255.83815002441406,35.70000076293945,636.6530151367188
2018-06-01,415.5736389160156,1041.820068359375,536.4838256835938,6.190000057220459,255.5341033935547,35.099998474121094,628.435302734375
2018-06-04,408.56878662109375,1039.2147216796875,535.3851318359375,6.25,253.9269561767578,35.04999923706055,605.3381958007812
2018-06-05,403.5583190917969,1043.28857421875,529.1428833007812,5.940000057220459,247.9327850341797,33.150001525878906,573.5857543945312
2018-06-06,408.3741455078125,1026.3773193359375,529.5424194335938,5.949999809265137,252.841064453125,33.0,590.6046752929688
2018-06-07,404.0447998046875,1057.736572265625,541.4776000976562,5.71999979019165,251.10362243652344,32.54999923706055,614.6742553710938
2018-06-08,399.861328125,1043.76220703125,535.78466796875,5.730000019073486,251.842041015625,33.5,608.2071533203125
2018-06-11,399.6667175292969,1061.9998779296875,539.4301147460938,6.0,250.0177459716797,35.849998474121094,599.4545288085938
2018-06-12,397.1858215332031,1080.616455078125,536.1342163085938,6.300000190734863,246.28221130371094,35.20000076293945,605.2896118164062
2018-06-13,397.720947265625,1105.959716796875,539.08056640625,6.610000133514404,246.6297149658203,34.5,594.592041015625
2018-06-14,395.4346618652344,1106.7176513671875,531.0905151367188,6.900000095367432,246.32565307617188,33.900001525878906,587.7357788085938
2018-06-15,394.1211853027344,1108.849365234375,527.3451538085938,6.900000095367432,242.41641235351562,34.099998474121094,581.5603637695312
2018-06-18,394.75360107421875,1122.634033203125,521.4025268554688,6.559999942779541,238.55064392089844,33.650001525878906,576.6005859375
2018-06-19,390.3269348144531,1095.6329345703125,516.1090698242188,6.489999771118164,237.24754333496094,33.20000076293945,564.3955078125
2018-06-20,390.95928955078125,1115.291748046875,518.5061645507812,6.179999828338623,235.07574462890625,33.25,568.869140625
2018-06-21,388.3811340332031,1101.980712890625,512.6134643554688,6.179999828338623,232.59988403320312,33.150001525878906,556.6641235351562
2018-06-22,390.37554931640625,1088.859130859375,523.9993286132812,5.880000114440918,230.2977752685547,33.04999923706055,556.2265014648438
2018-06-25,384.0517272949219,1076.9691162109375,514.5111083984375,6.170000076293945,225.04200744628906,33.400001525878906,549.807861328125
2018-06-26,374.56597900390625,1093.6434326171875,513.4124145507812,6.46999979019165,229.77655029296875,32.5,542.611328125
2018-06-27,373.8363037109375,1092.269775390625,506.970458984375,6.789999961853027,231.47056579589844,39.0,519.2711791992188
2018-06-28,372.8633728027344,1051.2469482421875,504.3237609863281,6.460000038146973,226.30166625976562,46.79999923706055,514.3599853515625
2018-06-29,376.4144592285156,1053.5679931640625,509.7669677734375,6.460000038146973,229.68966674804688,51.45000076293945,519.6600952148438
2018-07-02,371.84185791015625,1052.052001953125,511.9642333984375,6.139999866485596,226.605712890625,56.54999923706055,506.3854064941406
2018-07-03,378.7494201660156,1031.25634765625,511.364990234375,6.230000019073486,226.73602294921875,50.900001525878906,500.84210205078125
2018-07-04,384.100341796875,1045.135986328125,513.662109375,5.920000076293945,229.4724884033203,45.849998474121094,509.4974670410156
2018-07-05,377.0954895019531,1042.6253662109375,510.266357421875,6.0,234.68479919433594,43.599998474121094,512.6094360351562
2018-07-06,380.6465759277344,1071.37939453125,513.6121826171875,6.300000190734863,235.68382263183594,41.45000076293945,512.6581420898438
2018-07-09,396.11566162109375,1100.46484375,523.0005493164062,6.300000190734863,235.46664428710938,43.5,510.61578369140625
2018-07-10,392.2727355957031,1091.2275390625,531.8894653320312,6.5,241.50425720214844,41.349998474121094,526.0300903320312
2018-07-11,400.6396484375,1074.505859375,535.9344482421875,6.400000095367432,230.42807006835938,39.29999923706055,514.505859375
2018-07-12,399.6181335449219,1053.4732666015625,536.5836791992188,6.099999904632568,230.38465881347656,37.349998474121094,508.9625244140625
2018-07-13,397.91552734375,1079.6690673828125,523.250244140625,6.400000095367432,232.59988403320312,35.5,500.3072509765625
2018-07-16,396.9912414550781,1043.9517822265625,522.451171875,6.309999942779541,227.21380615234375,33.75,483.3369445800781
2018-07-17,372.76611328125,1047.078125,537.3826904296875,6.0,229.9503173828125,33.099998474121094,470.4512023925781
2018-07-18,381.6194763183594,1043.09912109375,523.5498657226562,5.949999809265137,229.34219360351562,33.04999923706055,450.1257629394531
2018-07-19,377.2414245605469,1049.16259765625,526.64599609375,5.909999847412109,227.17037963867188,32.54999923706055,429.0223083496094
2018-07-20,392.1754150390625,1079.2900390625,533.7871704101562,5.619999885559082,228.603759765625,33.0,434.0793762207031
2018-07-23,392.32135009765625,1070.8109130859375,540.1292724609375,5.900000095367432,227.8653564453125,32.400001525878906,442.88055419921875
2018-07-24,394.1211853027344,1086.206298828125,545.3228149414062,5.670000076293945,231.20993041992188,32.849998474121094,473.85498046875
2018-07-25,397.0399475097656,1074.505859375,531.1903686523438,5.400000095367432,229.4724884033203,33.20000076293945,475.26513671875
2018-07-26,391.5430908203125,1064.794677734375,540.978271484375,5.449999809265137,229.9503173828125,32.75,490.67938232421875
2018-07-27,395.04547119140625,1073.9847412109375,552.96337890625,5.210000038146973,227.5613250732422,32.400001525878906,505.70465087890625
2018-07-30,387.26226806640625,1102.738525390625,567.7449951171875,5.46999979019165,228.03909301757812,32.25,502.88433837890625
2018-07-31,397.6236877441406,1155.6263427734375,549.417724609375,5.630000114440918,227.34414672851562,33.5,521.945556640625
2018-08-01,387.6514587402344,1142.3570556640625,544.2241821289062,5.670000076293945,234.81512451171875,33.400001525878906,538.7699584960938
2018-08-02,385.4624328613281,1140.1778564453125,545.4226684570312,5.670000076293945,237.3344268798828,34.20000076293945,536.3386840820312
2018-08-03,387.408203125,1143.3740234375,573.6376342773438,5.670000076293945,241.93861389160156,33.900001525878906,548.1546630859375
2018-08-06,422.9190673828125,1164.536865234375,595.7601928710938,5.670000076293945,245.7175750732422,33.70000076293945,555.691650390625
2018-08-07,398.499267578125,1191.0751953125,591.315673828125,5.769999980926514,239.24557495117188,33.20000076293945,554.8649291992188
2018-08-08,395.09417724609375,1206.5721435546875,595.6603393554688,5.579999923706055,239.9840087890625,33.5,549.9537963867188
2018-08-09,406.47705078125,1119.160400390625,618.6817626953125,5.849999904632568,243.37200927734375,35.150001525878906,551.1207885742188
2018-08-10,397.5263671875,1078.3843994140625,614.886474609375,5.820000171661377,239.76681518554688,36.900001525878906,545.9179077148438
2018-08-13,384.8786926269531,1077.8515625,604.5492553710938,5.710000038146973,242.59017944335938,38.650001525878906,538.3809204101562
2018-08-14,383.2734069824219,1074.7523193359375,617.5331420898438,5.889999866485596,244.5447998046875,37.04999923706055,539.4993286132812
2018-08-16,386.28936767578125,1069.42529296875,623.0762329101562,5.940000057220459,245.37010192871094,36.0,538.0891723632812
2018-08-17,387.26226806640625,1065.8416748046875,626.3222045898438,5.940000057220459,244.2841796875,36.70000076293945,540.4718017578125
2018-08-20,382.4950866699219,1060.2724609375,623.4258422851562,5.75,246.8903350830078,36.45000076293945,555.8374633789062
2018-08-21,380.01422119140625,1045.2598876953125,635.4109497070312,5.840000152587891,253.27542114257812,38.04999923706055,545.4802856445312
2018-08-23,380.59796142578125,1048.1171875,631.0164184570312,5.550000190734863,250.7126922607422,37.45000076293945,544.4104614257812
2018-08-24,373.20391845703125,1045.69580078125,638.8067016601562,5.28000020980835,252.27639770507812,36.95000076293945,547.3280029296875
2018-08-27,377.58197021484375,1037.3177490234375,649.2437744140625,5.150000095367432,254.18760681152344,37.0,546.306884765625
2018-08-28,380.6951904296875,1011.69970703125,659.7806396484375,5.400000095367432,255.9684600830078,36.54999923706055,558.7064208984375
2018-08-29,376.8522644042969,1013.9273071289062,655.7357177734375,5.199999809265137,249.36618041992188,36.400001525878906,565.416748046875
2018-08-30,375.8307189941406,1012.7650756835938,648.744384765625,5.340000152587891,248.0631103515625,36.650001525878906,562.2560424804688
2018-08-31,380.0628356933594,1005.30712890625,648.3948364257812,5.199999809265137,248.5408935546875,35.75,559.7275390625
2018-09-03,376.3171691894531,1003.515380859375,630.9664916992188,5.0,249.7136993408203,36.349998474121094,555.740234375
2018-09-04,370.4797668457031,998.624267578125,639.7056274414062,5.159999847412109,243.19830322265625,35.599998474121094,540.325927734375
2018-09-05,362.9884338378906,997.1714477539062,636.6094970703125,5.0,241.06991577148438,35.54999923706055,533.5670166015625
2018-09-06,361.3832092285156,993.4424438476562,638.2573852539062,5.059999942779541,246.02162170410156,35.150001525878906,552.3850708007812
2018-09-07,378.3602600097656,997.849365234375,644.349853515625,5.289999961853027,248.23684692382812,35.25,560.2137451171875
2018-09-10,375.490234375,978.3330688476562,650.7418823242188,5.090000152587891,243.37200927734375,35.20000076293945,556.4696044921875
2018-09-11,371.98779296875,958.1387939453125,649.6932373046875,5.130000114440918,245.67413330078125,34.29999923706055,544.4104614257812
2018-09-12,365.32342529296875,957.5092163085938,634.76171875,4.889999866485596,244.37103271484375,34.349998474121094,541.6875
2018-09-14,370.28521728515625,966.0809326171875,635.4608764648438,5.019999980926514,240.89614868164062,34.29999923706055,547.7171020507812
2018-09-17,365.5180358886719,967.3400268554688,625.2734985351562,5.25,238.72434997558594,34.04999923706055,565.1249389648438
2018-09-18,366.6368408203125,962.93310546875,607.6953735351562,5.03000020980835,237.5515899658203,34.599998474121094,587.2981567382812
2018-09-19,367.7142028808594,948.4533081054688,608.4444580078125,4.860000133514404,243.71949768066406,34.650001525878906,602.3394165039062
2018-09-21,345.13909912109375,950.2935791015625,598.6566162109375,4.860000133514404,239.46275329589844,34.400001525878906,600.7664184570312
2018-09-24,339.0668640136719,922.3992309570312,596.8088989257812,4.659999847412109,244.50135803222656,34.0,562.3767700195312
2018-09-25,336.814208984375,944.0947875976562,614.4869384765625,4.659999847412109,239.07186889648438,33.25,572.0602416992188
2018-09-26,330.79095458984375,929.082275390625,615.1361694335938,4.889999866485596,236.72630310058594,34.0,604.7479858398438
2018-09-27,328.4893798828125,924.8690795898438,597.9574584960938,5.099999904632568,240.02743530273438,33.900001525878906,602.5360717773438
2018-09-28,321.3398132324219,900.8005981445312,611.5905151367188,5.099999904632568,231.81805419921875,32.900001525878906,582.2843627929688
2018-10-01,320.80108642578125,896.5390014648438,593.21337890625,4.849999904632568,236.76971435546875,32.400001525878906,585.3319702148438
2018-10-03,315.708251953125,938.9614868164062,569.9921875,4.699999809265137,240.24461364746094,32.650001525878906,594.5238647460938
2018-10-04,299.10748291015625,896.0062255859375,585.373046875,4.800000190734863,236.3788299560547,32.20000076293945,586.3150634765625
2018-10-05,285.1510925292969,877.313232421875,567.7449951171875,4.800000190734863,228.51687622070312,31.600000381469727,584.0538940429688
2018-10-08,270.41119384765625,874.9887084960938,555.809814453125,4.800000190734863,232.51300048828125,31.950000762939453,568.9635009765625
2018-10-09,266.8853759765625,872.4220581054688,552.064453125,4.570000171661377,237.0737762451172,31.549999237060547,570.4873046875
2018-10-10,284.6614074707031,905.2559204101562,588.6190185546875,4.349999904632568,235.9444580078125,32.5,585.381103515625
2018-10-11,296.4141540527344,884.4805297851562,580.0796508789062,4.150000095367432,231.60084533691406,32.0,569.4550170898438
2018-10-12,301.11529541015625,907.6288452148438,583.9249267578125,4.159999847412109,242.15582275390625,32.400001525878906,579.97412109375
2018-10-15,307.8241271972656,904.38427734375,575.1358032226562,4.159999847412109,239.5062255859375,33.29999923706055,590.8372802734375
2018-10-16,326.4326171875,905.352783203125,588.0697021484375,4.159999847412109,240.20118713378906,33.75,598.1613159179688
2018-10-17,316.6876525878906,899.6383056640625,573.8873291015625,4.159999847412109,242.93765258789062,33.650001525878906,583.4149169921875
2018-10-19,318.89129638671875,900.8974609375,561.5027465820312,4.360000133514404,239.5496368408203,33.5,581.00634765625
2018-10-22,321.2908020019531,896.296875,560.404052734375,4.489999771118164,239.76681518554688,33.29999923706055,568.5702514648438
2018-10-23,314.3860778808594,893.5364990234375,562.3516845703125,4.369999885559082,240.72244262695312,33.0,554.2171630859375
2018-10-24,320.85009765625,905.0138549804688,562.7012939453125,4.159999847412109,240.67897033691406,33.20000076293945,561.29541015625
2018-10-25,322.61297607421875,878.1365356445312,559.3054809570312,3.9600000381469727,244.6750946044922,33.099998474121094,558.1986694335938
2018-10-26,330.8888854980469,883.7056884765625,536.6835327148438,3.7699999809265137,243.93667602539062,33.099998474121094,548.0728149414062
2018-10-29,328.7342224121094,886.6597900390625,565.1981811523438,3.5899999141693115,249.36618041992188,32.79999923706055,533.5231323242188
2018-10-30,325.94293212890625,905.9823608398438,561.9022216796875,3.4800000190734863,239.67996215820312,33.0,527.5262451171875
2018-10-31,331.9172668457031,896.7811279296875,581.1783447265625,3.630000114440918,231.20993041992188,33.400001525878906,528.607666015625
2018-11-01,353.02325439453125,913.294921875,601.6029052734375,3.450000047683716,226.82290649414062,32.95000076293945,552.8408203125
2018-11-02,352.5824890136719,936.7338256835938,609.1935424804688,3.549999952316284,227.0400848388672,33.349998474121094,577.8604736328125
2018-11-05,343.376220703125,924.239501953125,623.5256958007812,3.4000000953674316,228.9947052001953,33.20000076293945,579.7774658203125
2018-11-06,338.6750793457031,915.0382690429688,606.8463745117188,3.390000104904175,230.4715118408203,34.849998474121094,580.2199096679688
2018-11-07,339.0178527832031,915.71630859375,606.3470458984375,3.390000104904175,231.9049072265625,36.54999923706055,583.1199951171875
2018-11-09,335.68792724609375,911.5999145507812,611.8402099609375,3.299999952316284,232.99081420898438,38.349998474121094,594.2289428710938
2018-11-12,331.574462890625,921.2369995117188,605.4481811523438,3.299999952316284,229.38560485839844,36.95000076293945,584.1030883789062
2018-11-13,337.9895324707031,918.3313598632812,617.832763671875,3.25,230.55836486816406,35.20000076293945,579.7283325195312
2018-11-14,328.2445068359375,911.3578491210938,611.9900512695312,3.0899999141693115,230.7321319580078,35.29999923706055,571.9127807617188
2018-11-15,327.0692443847656,917.217529296875,624.8740844726562,2.990000009536743,228.51687622070312,34.79999923706055,567.1939697265625
2018-11-16,328.0567932128906,925.9345092773438,617.5331420898438,3.0399999618530273,228.86439514160156,34.599998474121094,564.0480346679688
2018-11-19,330.72308349609375,920.607421875,614.3870849609375,2.890000104904175,228.9947052001953,34.5,558.0020141601562
2018-11-20,329.09368896484375,926.1282348632812,612.0899047851562,2.75,227.08351135253906,34.25,547.4830322265625
2018-11-21,330.7724914550781,935.1357421875,625.5731201171875,2.619999885559082,226.6925811767578,35.0,550.4814453125
2018-11-22,325.09417724609375,921.9149780273438,613.5380859375,2.490000009536743,223.04396057128906,35.650001525878906,544.1896362304688
2018-11-26,328.4517822265625,933.29541015625,630.0176391601562,2.440000057220459,217.7882080078125,35.150001525878906,549.9407348632812
2018-11-27,327.61236572265625,926.2250366210938,624.4246215820312,2.319999933242798,218.83065795898438,35.400001525878906,555.4951782226562
2018-11-28,335.6607360839844,915.0382690429688,626.87158203125,2.319999933242798,215.31234741210938,34.5,547.4830322265625
2018-11-29,325.09417724609375,918.8641357421875,629.5681762695312,2.299999952316284,214.26988220214844,35.29999923706055,547.7778930664062
2018-11-30,321.4403076171875,920.9464111328125,624.9739379882812,2.2200000286102295,212.2283935546875,35.0,551.8577270507812
2018-12-03,321.4403076171875,914.0213012695312,624.0250854492188,2.109999895095825,216.1810760498047,34.900001525878906,546.1066284179688
2018-12-04,316.35455322265625,917.072265625,621.8778076171875,2.009999990463257,219.09127807617188,35.400001525878906,542.3709106445312
2018-12-05,318.1321105957031,905.062255859375,613.7877807617188,1.940000057220459,212.83648681640625,35.849998474121094,537.209716796875
2018-12-06,317.5395812988281,888.7421264648438,599.6054077148438,1.850000023841858,209.1009979248047,35.0,531.409423828125
2018-12-07,315.317626953125,886.6113891601562,602.5018310546875,1.850000023841858,205.71299743652344,35.0,532.4908447265625
2018-12-10,305.39300537109375,883.3182983398438,589.2682495117188,1.8799999952316284,207.27670288085938,36.099998474121094,514.1561889648438
2018-12-11,305.9361572265625,883.6572265625,603.5005493164062,1.840000033378601,210.40406799316406,37.04999923706055,514.3037109375
2018-12-12,305.7386169433594,887.9188842773438,618.5818481445312,1.7999999523162842,214.61737060546875,37.5,532.3925170898438
2018-12-13,303.7142028808594,885.3037719726562,617.3833618164062,1.8300000429153442,212.66275024414062,36.45000076293945,529.050048828125
2018-12-14,300.6034851074219,884.4805297851562,617.9326782226562,1.909999966621399,214.3567657470703,36.0,526.2482299804688
2018-12-17,300.1097412109375,896.8779907226562,616.4844360351562,1.8200000524520874,218.39630126953125,36.04999923706055,532.1959228515625
2018-12-18,295.5177307128906,889.8075561523438,618.9813232421875,1.909999966621399,219.1347198486328,36.099998474121094,541.7318725585938
2018-12-19,296.3077392578125,905.885498046875,638.6569213867188,1.909999966621399,218.7872314453125,35.95000076293945,541.781005859375
2018-12-20,297.7396545410156,921.2854614257812,632.2149047851562,2.0,218.048828125,35.70000076293945,538.389404296875
2018-12-21,290.82696533203125,923.1256713867188,620.3296508789062,2.0,218.65692138671875,39.25,528.5093383789062
2018-12-24,290.777587890625,917.7501831054688,614.0374755859375,2.200000047683716,216.05075073242188,40.45000076293945,529.0991821289062
2018-12-26,284.3092956542969,902.640869140625,616.0848999023438,2.309999942779541,214.8345489501953,39.20000076293945,520.595458984375
2018-12-27,282.9761047363281,901.43017578125,616.734130859375,2.4200000762939453,216.87603759765625,38.900001525878906,517.5479125976562
2018-12-28,284.4573974609375,921.7697143554688,624.4745483398438,2.5399999618530273,216.83131408691406,38.900001525878906,535.9808349609375
2018-12-31,286.58062744140625,918.282958984375,619.03125,2.6600000858306885,215.3997802734375,38.45000076293945,534.3095703125
2019-01-01,343.85723876953125,907.38671875,626.7217407226562,2.7899999618530273,215.7129364013672,38.349998474121094,538.831787109375
2019-01-02,352.7943420410156,907.38671875,618.1324462890625,2.9200000762939453,212.04464721679688,38.20000076293945,535.1943969726562
2019-01-03,353.13995361328125,895.2798461914062,607.1959838867188,3.059999942779541,210.25523376464844,36.70000076293945,527.6245727539062
2019-01-04,349.5354919433594,889.177978515625,619.0811767578125,3.2100000381469727,210.88153076171875,37.0,525.6583862304688
2019-01-07,343.85723876953125,894.1176147460938,636.659423828125,3.25,209.6289520263672,36.5,523.8396606445312
2019-01-08,332.0562438964844,899.2509155273438,650.0927734375,3.0899999141693115,209.3157958984375,36.5,522.1192016601562
2019-01-09,347.11602783203125,896.3936767578125,669.2189331054688,2.940000057220459,208.42108154296875,38.75,522.364990234375
2019-01-10,339.1664733886719,891.1635131835938,662.177734375,2.799999952316284,208.5105743408203,37.95000076293945,520.3496704101562
2019-01-11,335.2657165527344,884.1414794921875,665.6734008789062,2.6600000858306885,207.83953857421875,38.25,513.6155395507812
2019-01-14,335.6607360839844,890.8245849609375,658.5822143554688,2.5999999046325684,206.4080047607422,37.599998474121094,510.371337890625
2019-01-15,334.03131103515625,887.289306640625,659.2813110351562,2.619999885559082,208.1079559326172,38.150001525878906,511.8459777832031
2019-01-16,326.42730712890625,881.623291015625,662.826904296875,2.700000047683716,207.52638244628906,38.0,512.435791015625
2019-01-17,326.5260925292969,879.4440307617188,675.461181640625,2.6500000953674316,207.61587524414062,38.099998474121094,510.71539306640625
2019-01-18,330.1799621582031,875.9573364257812,663.47607421875,2.740000009536743,205.78172302246094,37.20000076293945,514.7460327148438
2019-01-21,327.0198669433594,872.2767333984375,659.43115234375,2.619999885559082,205.02122497558594,36.5,512.288330078125
2019-01-22,323.7116394042969,873.9717407226562,660.9791870117188,2.740000009536743,203.8581085205078,35.95000076293945,507.1763000488281
2019-01-23,317.5395812988281,873.0516967773438,660.5797119140625,2.740000009536743,202.20291137695312,35.349998474121094,508.74920654296875
2019-01-24,309.0962219238281,879.8799438476562,663.1265258789062,2.740000009536743,200.27931213378906,35.0,502.8506774902344
2019-01-25,299.6159362792969,857.7000732421875,666.9218139648438,2.609999895095825,198.08726501464844,36.0,480.04296875
2019-01-28,295.66583251953125,860.847900390625,655.136474609375,2.7200000286102295,201.0845184326172,34.900001525878906,476.0123291015625
2019-01-29,297.7396545410156,870.9207763671875,659.9804077148438,2.7200000286102295,199.29513549804688,35.0,472.9647521972656
2019-01-30,298.87530517578125,872.4705200195312,690.0431518554688,2.6600000858306885,201.7108154296875,35.0,481.2226867675781
2019-01-31,303.0722961425781,882.1076049804688,722.0533447265625,2.6600000858306885,201.44239807128906,35.95000076293945,498.1318664550781
2019-02-01,297.196533203125,874.2138671875,715.5115356445312,2.6600000858306885,199.7424774169922,35.0,503.391357421875
2019-02-04,291.6169738769531,863.3661499023438,718.3080444335938,2.5299999713897705,198.66883850097656,35.150001525878906,495.03509521484375
2019-02-05,289.8887939453125,872.179931640625,726.8973388671875,2.4100000858306885,193.7479705810547,35.0,498.7216796875
2019-02-06,286.92620849609375,874.6497192382812,723.002197265625,2.369999885559082,196.96890258789062,35.0,497.39453125
2019-02-07,290.4319763183594,873.003173828125,728.4453735351562,2.369999885559082,200.63717651367188,35.0,491.987548828125
2019-02-08,292.95013427734375,872.1314697265625,717.3591918945312,2.369999885559082,195.53736877441406,35.0,488.05517578125
2019-02-11,296.85089111328125,870.96923828125,709.4689331054688,2.369999885559082,195.71630859375,35.25,473.9478454589844
2019-02-12,290.2344665527344,869.6617431640625,704.9745483398438,2.259999990463257,199.47406005859375,35.0,461.0693359375
2019-02-14,285.4449462890625,846.029052734375,693.8883056640625,2.049999952316284,194.15057373046875,34.95000076293945,448.1417236328125
2019-02-15,289.3950500488281,837.9417114257812,685.698486328125,2.0,195.8505096435547,35.0,438.458251953125
2019-02-18,284.1117858886719,840.6536254882812,691.740966796875,2.0,192.45065307617188,35.0,420.7135009765625
2019-02-19,289.4938049316406,836.97314453125,692.3402709960938,2.0,191.8690948486328,35.0,411.8656921386719
2019-02-20,299.7640686035156,827.142333984375,700.0307006835938,2.0799999237060547,192.6295928955078,35.20000076293945,425.9729919433594
2019-02-21,299.36907958984375,817.6021728515625,696.0357055664062,2.069999933242798,191.19805908203125,35.400001525878906,433.19873046875
2019-02-22,307.86181640625,836.9246826171875,702.1780395507812,1.9700000286102295,192.58485412597656,35.349998474121094,440.81768798828125
2019-02-25,304.40545654296875,833.486328125,703.1268310546875,1.8799999952316284,191.8690948486328,35.0,444.7992248535156
2019-02-26,297.9865417480469,823.4617919921875,709.2192993164062,1.899999976158142,197.28204345703125,34.95000076293945,437.720947265625
2019-02-27,297.39404296875,824.7693481445312,716.9596557617188,1.899999976158142,198.04254150390625,34.900001525878906,432.6088562011719
2019-02-28,308.8987121582031,833.9705810546875,708.47021484375,1.899999976158142,204.3054656982422,35.0,434.5750427246094
2019-03-01,331.2662353515625,844.9152221679688,702.2279663085938,1.940000057220459,207.9290008544922,35.20000076293945,489.1365661621094
2019-03-05,338.8208312988281,885.0616455078125,731.1919555664062,1.940000057220459,214.99717712402344,35.29999923706055,509.38824462890625
2019-03-06,341.832763671875,875.4244995117188,718.607666015625,1.8799999952316284,217.09970092773438,35.849998474121094,503.5388488769531
2019-03-07,335.8582458496094,862.1069946289062,731.2918701171875,1.8200000524520874,210.3894500732422,36.5,504.96435546875
2019-03-08,328.10614013671875,885.83642578125,731.441650390625,1.909999966621399,209.80787658691406,36.0,517.5970458984375
2019-03-11,330.37744140625,878.0396728515625,733.239501953125,1.9900000095367432,217.77073669433594,36.150001525878906,516.6139526367188
2019-03-12,340.54901123046875,889.0811767578125,741.3294067382812,2.0399999618530273,217.14443969726562,36.70000076293945,517.7936401367188
2019-03-13,335.11761474609375,893.7301635742188,737.5341186523438,2.130000114440918,213.38670349121094,35.25,514.2545166015625
2019-03-14,333.0437927246094,893.4396362304688,739.5316772460938,2.0299999713897705,217.72601318359375,35.599998474121094,508.7000732421875
2019-03-15,336.993896484375,893.5364990234375,734.7875366210938,2.0999999046325684,218.79965209960938,35.75,514.0087280273438
2019-03-18,333.5869140625,885.7880249023438,751.0173950195312,2.0,218.53123474121094,36.0,503.243896484375
2019-03-19,326.8223876953125,906.27294921875,760.05615234375,1.9500000476837158,217.50233459472656,35.599998474121094,499.70477294921875
2019-03-20,335.7594909667969,904.96533203125,754.6129150390625,1.9500000476837158,212.2235870361328,35.75,498.9183044433594
2019-03-22,333.784423828125,913.5370483398438,756.41064453125,1.9500000476837158,212.7739715576172,35.150001525878906,492.5773620605469
2019-03-25,334.5744323730469,900.8005981445312,742.9274291992188,2.0399999618530273,217.2230224609375,36.0,474.635986328125
2019-03-26,331.80938720703125,894.1660766601562,756.2608642578125,1.940000057220459,217.03955078125,36.900001525878906,476.9462585449219
2019-03-27,327.2173767089844,906.3697509765625,759.207275390625,2.0199999809265137,215.1131591796875,35.25,480.9277648925781
2019-03-28,332.4018859863281,893.1490478515625,779.2323608398438,2.0199999809265137,216.07635498046875,36.0,488.39923095703125
2019-04-01,349.3379821777344,906.0792236328125,764.1510620117188,1.850000023841858,216.8560791015625,36.150001525878906,492.92144775390625
2019-04-02,345.58538818359375,904.9169311523438,766.4981689453125,1.850000023841858,216.94781494140625,36.0,490.36541748046875
2019-04-03,332.9944152832031,904.7716674804688,760.4556884765625,1.850000023841858,215.296630859375,36.0,488.44842529296875
2019-04-04,335.4138488769531,908.306884765625,761.2047729492188,1.8899999856948853,215.34249877929688,36.0,486.8754577636719
2019-04-05,332.6488037109375,913.149658203125,761.0050048828125,1.8899999856948853,215.06729125976562,35.04999923706055,486.5805358886719
2019-04-08,331.5131530761719,920.462158203125,753.3644409179688,1.8899999856948853,214.0123748779297,35.70000076293945,481.76336669921875
2019-04-09,332.3031311035156,911.8905029296875,762.6029663085938,1.8899999856948853,218.5531463623047,36.0,478.0767822265625
2019-04-10,332.5500183105469,929.7119140625,760.8052368164062,1.8899999856948853,219.74566650390625,35.5,474.6851501464844
2019-04-11,331.0687255859375,916.830078125,751.1172485351562,1.840000033378601,220.57125854492188,35.400001525878906,472.42401123046875
2019-04-12,330.92059326171875,910.5830078125,763.2022705078125,1.8600000143051147,219.97500610351562,36.25,476.7004699707031
2019-04-15,332.6488037109375,923.6583862304688,762.2534790039062,1.8600000143051147,229.42347717285156,36.04999923706055,485.54827880859375
2019-04-16,328.35302734375,928.6464233398438,769.6942138671875,1.7699999809265137,230.43252563476562,36.400001525878906,489.03826904296875
2019-04-18,328.8961486816406,918.0892333984375,770.2435302734375,1.7599999904632568,230.9370574951172,35.150001525878906,488.8907775878906
2019-04-22,327.8592834472656,920.0263061523438,754.463134765625,1.7599999904632568,230.8911895751953,34.79999923706055,481.0752258300781
2019-04-23,324.0572509765625,908.2584228515625,752.1659545898438,1.7599999904632568,234.23944091796875,35.0,483.8770446777344
2019-04-24,322.7240905761719,919.6873168945312,751.6665649414062,1.7599999904632568,233.18450927734375,34.900001525878906,474.7834777832031
2019-04-25,320.9959411621094,918.2344970703125,739.93115234375,1.840000033378601,230.66184997558594,34.75,476.1597900390625
2019-04-26,320.897216796875,920.5106811523438,759.2571411132812,1.8799999952316284,229.46932983398438,34.5,481.5176086425781
2019-04-30,318.4283752441406,916.1036376953125,765.9488525390625,1.940000057220459,231.12051391601562,34.79999923706055,475.373291015625
2019-05-02,331.80938720703125,900.6553344726562,751.716552734375,1.850000023841858,231.02879333496094,34.45000076293945,484.66351318359375
2019-05-03,325.39044189453125,896.5390014648438,756.4606323242188,1.7699999809265137,230.98292541503906,34.79999923706055,519.3174438476562
2019-05-06,321.6872253417969,900.3163452148438,746.6228637695312,1.7699999809265137,230.43252563476562,34.900001525878906,518.3343505859375
2019-05-07,321.0453186035156,893.0521850585938,741.6290283203125,1.7699999809265137,228.59786987304688,34.5,536.0299682617188
2019-05-08,317.9346008300781,880.7515869140625,734.5877685546875,1.7699999809265137,228.32266235351562,34.45000076293945,514.0579223632812
2019-05-09,310.82440185546875,878.378662109375,729.0946044921875,1.7699999809265137,222.54351806640625,34.70000076293945,501.67095947265625
2019-05-10,302.57855224609375,884.6742553710938,732.7401123046875,1.7699999809265137,221.580322265625,34.849998474121094,496.85382080078125
2019-05-13,297.39404296875,864.0440673828125,731.441650390625,1.7999999523162842,222.08485412597656,34.599998474121094,486.5313720703125
2019-05-14,295.86334228515625,871.9862060546875,730.5927734375,1.7999999523162842,222.22244262695312,34.70000076293945,505.4559020996094
2019-05-15,291.41949462890625,866.0296630859375,720.35546875,1.7999999523162842,216.12222290039062,35.70000076293945,502.5557556152344
2019-05-16,287.4693603515625,884.43212890625,731.341796875,1.7999999523162842,213.3243865966797,37.599998474121094,510.71539306640625
2019-05-17,289.74066162109375,889.5654296875,747.2221069335938,1.8799999952316284,216.8560791015625,38.099998474121094,508.5034484863281
2019-05-20,300.8997497558594,905.6917724609375,781.7791748046875,1.7899999618530273,218.5531463623047,36.849998474121094,536.8656005859375
2019-05-21,304.70172119140625,915.71630859375,772.14111328125,1.8700000047683716,217.6816864013672,39.400001525878906,555.151123046875
2019-05-22,302.87481689453125,911.793701171875,778.3334350585938,1.8700000047683716,220.4336700439453,39.95000076293945,550.6288452148438
2019-05-23,301.4429016113281,913.6339111328125,776.0862426757812,1.7799999713897705,223.87364196777344,37.099998474121094,542.2234497070312
2019-05-24,307.5655822753906,920.1715698242188,792.6657104492188,1.7100000381469727,224.378173828125,36.150001525878906,550.3339233398438
2019-05-27,306.3805236816406,915.18359375,811.4423828125,1.75,223.87364196777344,35.79999923706055,573.0924682617188
2019-05-28,312.3056945800781,929.8086547851562,807.7469482421875,1.8300000429153442,229.97386169433594,35.0,549.3999633789062
2019-05-29,308.50372314453125,923.4646606445312,803.8018188476562,1.8300000429153442,230.24905395507812,34.599998474121094,538.389404296875
2019-05-30,305.5411071777344,916.4911499023438,807.0977172851562,1.8300000429153442,231.99197387695312,34.75,545.0252685546875
2019-05-31,308.9481201171875,916.2974243164062,807.4972534179688,1.8300000429153442,232.40478515625,34.849998474121094,542.7640991210938
2019-06-03,299.56658935546875,904.8685302734375,811.2925415039062,1.7999999523162842,239.009521484375,34.79999923706055,538.8809814453125
2019-06-04,300.6034851074219,922.7867431640625,820.3812866210938,1.8799999952316284,241.48631286621094,34.95000076293945,537.652099609375
2019-06-06,294.2833251953125,916.0068969726562,807.8468017578125,1.899999976158142,246.11880493164062,34.79999923706055,537.9961547851562
2019-06-07,291.2219543457031,918.815673828125,803.2025756835938,1.899999976158142,243.0916290283203,35.0,533.7197265625
2019-06-10,287.6668701171875,914.7477416992188,813.190185546875,1.809999942779541,238.5050048828125,34.650001525878906,531.0162353515625
2019-06-11,284.1611633300781,921.7213745117188,813.9392700195312,1.809999942779541,237.35833740234375,34.849998474121094,524.23291015625
2019-06-12,286.2843322753906,922.2056274414062,811.3424682617188,1.6399999856948853,235.66128540039062,34.900001525878906,526.2482299804688
2019-06-13,284.1117858886719,914.5540161132812,818.683349609375,1.559999942779541,234.3770294189453,34.79999923706055,525.6583862304688
2019-06-14,278.6803894042969,913.440185546875,799.1576538085938,1.559999942779541,233.87249755859375,34.79999923706055,516.1223754882812
2019-06-17,266.1881408691406,919.638916015625,775.7366943359375,1.4900000095367432,234.10182189941406,35.349998474121094,500.8353576660156
2019-06-18,261.9911193847656,917.1690673828125,775.2872314453125,1.4199999570846558,238.82606506347656,34.79999923706055,500.63873291015625
2019-06-19,269.5457763671875,916.394287109375,770.29345703125,1.350000023841858,236.0740966796875,34.900001525878906,492.5282287597656
2019-06-20,263.8674621582031,912.907470703125,770.4932250976562,1.2899999618530273,238.78018188476562,34.5,497.2470397949219
2019-06-21,264.6575012207031,913.4886474609375,770.9926147460938,1.2300000190734863,233.3679656982422,34.900001525878906,493.9537353515625
2019-06-24,268.70635986328125,919.5420532226562,761.9038696289062,1.1699999570846558,235.6154327392578,35.0,491.74176025390625
2019-06-25,263.9168395996094,918.6219482421875,780.8803100585938,1.1200000047683716,236.99142456054688,34.95000076293945,499.3115539550781
2019-06-26,266.1387634277344,922.7867431640625,787.9714965820312,1.0700000524520874,238.87193298339844,34.650001525878906,507.8644104003906
2019-06-27,270.1876220703125,926.3218994140625,799.3573608398438,1.0700000524520874,238.13807678222656,34.54999923706055,519.8089599609375
2019-06-28,265.5956115722656,932.7627563476562,806.6483154296875,1.0299999713897705,232.77171325683594,35.25,511.30523681640625
2019-07-01,269.2001037597656,933.1502075195312,809.2450561523438,1.0800000429153442,228.552001953125,34.599998474121094,505.40667724609375
2019-07-02,268.4100646972656,935.1841430664062,801.654541015625,1.0800000429153442,231.71678161621094,34.70000076293945,500.3929443359375
2019-07-03,269.6445007324219,912.3263549804688,805.2999877929688,1.0499999523162842,230.24905395507812,34.54999923706055,510.1747131347656
2019-07-04,270.23699951171875,928.259033203125,808.6500244140625,1.100000023841858,230.43252563476562,34.54999923706055,511.5509948730469
2019-07-05,268.60760498046875,923.02880859375,805.9500122070312,1.100000023841858,221.90138244628906,34.95000076293945,505.1117858886719
2019-07-08,266.681884765625,910.5344848632812,783.0499877929688,1.100000023841858,213.23263549804688,34.400001525878906,488.64501953125
2019-07-09,267.1756591796875,919.2030639648438,786.2000122070312,1.100000023841858,210.5265350341797,34.79999923706055,490.1196594238281
2019-07-10,272.01458740234375,904.14208984375,768.5,1.0800000429153442,214.19583129882812,34.70000076293945,493.904541015625
2019-07-11,269.0519714355469,901.0911865234375,766.6500244140625,1.0800000429153442,215.43423461914062,34.20000076293945,491.29937744140625
2019-07-12,267.66943359375,920.1231689453125,755.4500122070312,1.0800000429153442,211.90252685546875,35.0,490.5129089355469
2019-07-15,266.8300476074219,912.6653442382812,749.6500244140625,1.0499999523162842,211.2145233154297,34.20000076293945,475.61907958984375
2019-07-16,267.0275573730469,911.3578491210938,761.7000122070312,1.0499999523162842,213.5537109375,34.29999923706055,478.1259765625
2019-07-17,267.62005615234375,910.6314086914062,752.6500244140625,1.0499999523162842,211.03106689453125,34.150001525878906,476.4055480957031
2019-07-18,266.6325378417969,900.0741577148438,740.8499755859375,1.100000023841858,202.22471618652344,34.20000076293945,465.001708984375
2019-07-19,261.3986511230469,889.6138305664062,729.4500122070312,1.149999976158142,203.6007080078125,33.45000076293945,452.5164489746094
2019-07-22,256.95477294921875,892.2289428710938,727.5,1.149999976158142,202.9127197265625,32.45000076293945,444.7500305175781
2019-07-23,258.0904235839844,900.6553344726562,726.4000244140625,1.149999976158142,199.97726440429688,33.849998474121094,444.7008972167969
2019-07-24,263.4230651855469,900.8974609375,711.0999755859375,1.149999976158142,198.87648010253906,32.5,445.1432800292969
2019-07-25,245.1044158935547,891.1150512695312,723.2999877929688,1.149999976158142,191.76719665527344,31.899999618530273,433.34619140625
2019-07-26,244.5119171142578,839.2492065429688,729.8499755859375,1.149999976158142,193.28077697753906,31.0,422.9254455566406
2019-07-29,240.16677856445312,839.92724609375,719.6500244140625,1.149999976158142,188.4189453125,31.700000762939453,422.8271484375
2019-07-30,231.4271697998047,796.4392700195312,706.5499877929688,1.149999976158142,183.23605346679688,29.200000762939453,413.68438720703125
2019-07-31,225.69949340820312,793.8726196289062,674.4000244140625,1.149999976158142,187.59335327148438,35.0,411.8164978027344
2019-08-01,220.02122497558594,800.5555419921875,669.6500244140625,1.149999976158142,185.75869750976562,37.150001525878906,408.670654296875
2019-08-02,219.9718475341797,800.9000244140625,673.4500122070312,1.149999976158142,180.9886016845703,35.20000076293945,413.24200439453125
2019-08-05,224.81072998046875,811.0999755859375,662.9000244140625,1.149999976158142,184.0157928466797,38.45000076293945,410.68597412109375
2019-08-06,224.66258239746094,834.0499877929688,678.8499755859375,1.149999976158142,188.23548889160156,38.0,422.8271484375
2019-08-07,221.99627685546875,821.75,660.0499877929688,1.149999976158142,189.0610809326172,38.0,432.06817626953125
2019-08-08,220.0706024169922,819.1500244140625,660.0,1.149999976158142,194.33570861816406,37.349998474121094,429.21722412109375
2019-08-09,221.25563049316406,831.7000122070312,660.7000122070312,1.149999976158142,190.48292541503906,37.29999923706055,431.92071533203125
2019-08-13,213.207275390625,836.0999755859375,650.1500244140625,1.100000023841858,186.90536499023438,36.20000076293945,406.01629638671875
2019-08-14,208.3190155029297,840.8499755859375,663.2000122070312,1.0499999523162842,183.878173828125,35.349998474121094,404.5907897949219
2019-08-16,209.94842529296875,839.5,675.5499877929688,1.0,185.16244506835938,36.349998474121094,402.96868896484375
2019-08-19,211.9728546142578,855.25,685.0,1.0,182.59393310546875,37.04999923706055,403.8043212890625
2019-08-20,206.5414581298828,859.9500122070312,672.2000122070312,0.949999988079071,179.1080780029297,36.29999923706055,401.8872985839844
2019-08-21,203.77638244628906,854.7999877929688,665.0,0.949999988079071,173.1454620361328,36.29999923706055,384.5849304199219
2019-08-22,197.85121154785156,842.9000244140625,660.9000244140625,0.949999988079071,165.76097106933594,34.75,374.3116149902344
2019-08-23,198.4437255859375,851.2000122070312,663.4000244140625,0.949999988079071,172.50332641601562,34.29999923706055,381.7831115722656
2019-08-26,215.2810821533203,879.25,683.6500244140625,0.949999988079071,173.09959411621094,32.349998474121094,394.0717468261719
2019-08-27,218.88555908203125,902.7000122070312,682.5499877929688,0.9300000071525574,175.9891815185547,33.400001525878906,405.5738830566406
2019-08-28,215.03421020507812,892.5499877929688,678.0999755859375,0.9700000286102295,169.88894653320312,32.95000076293945,394.0717468261719
2019-08-29,205.65267944335938,895.0,660.9500122070312,1.0099999904632568,173.37478637695312,32.900001525878906,380.6525573730469
2019-08-30,208.71401977539062,908.3499755859375,663.75,1.0099999904632568,169.33856201171875,31.950000762939453,380.6033935546875
2019-09-03,202.2457275390625,897.8499755859375,645.3499755859375,1.0099999904632568,165.9903106689453,32.099998474121094,385.9120788574219
2019-09-04,202.14695739746094,895.3499755859375,646.9500122070312,1.0099999904632568,167.0452423095703,31.0,413.8810119628906
2019-09-05,205.65267944335938,902.9500122070312,649.25,1.0099999904632568,178.74114990234375,31.649999618530273,413.68438720703125
2019-09-06,208.96090698242188,921.5999755859375,671.0,1.0099999904632568,182.0894012451172,32.0,412.0622863769531
2019-09-09,212.9603729248047,930.6500244140625,671.5999755859375,1.0099999904632568,182.96084594726562,32.400001525878906,424.0559997558594
2019-09-11,227.7733154296875,933.9000244140625,681.7000122070312,1.0099999904632568,180.20887756347656,32.0,438.70404052734375
2019-09-12,216.4661102294922,940.4500122070312,662.7999877929688,1.0099999904632568,181.35552978515625,32.20000076293945,443.7178039550781
2019-09-13,219.72494506835938,950.7000122070312,674.3499755859375,1.0099999904632568,181.9059295654297,32.0,448.4366149902344
2019-09-16,226.48951721191406,934.9500122070312,671.2000122070312,0.9700000286102295,183.9699249267578,33.900001525878906,459.7913513183594
2019-09-17,218.24366760253906,939.7999877929688,640.2000122070312,1.0,181.26380920410156,32.849998474121094,462.3965148925781
2019-09-18,218.7374267578125,918.25,648.2000122070312,1.0,176.58543395996094,33.0,465.1000061035156
2019-09-19,213.4541473388672,908.7000122070312,638.25,1.0,177.45689392089844,32.54999923706055,458.45001220703125
2019-09-20,224.08216857910156,937.25,680.7000122070312,1.0,183.4195098876953,33.04999923706055,460.54998779296875
2019-09-23,233.22027587890625,941.5,727.0499877929688,1.0,185.71282958984375,32.54999923706055,469.79998779296875
2019-09-24,234.014892578125,953.5,704.2999877929688,1.0,181.76832580566406,32.400001525878906,481.29998779296875
2019-09-25,227.11163330078125,950.9500122070312,694.9000244140625,0.949999988079071,176.8606414794922,31.899999618530273,467.70001220703125
2019-09-26,226.06871032714844,954.9500122070312,700.0999755859375,0.949999988079071,186.2632293701172,31.799999237060547,474.6000061035156
2019-09-27,227.80694580078125,948.7000122070312,700.8499755859375,0.949999988079071,182.91497802734375,31.450000762939453,466.95001220703125
2019-09-30,224.28082275390625,937.25,684.6500244140625,0.949999988079071,183.37364196777344,31.149999618530273,454.0
2019-10-01,225.62173461914062,937.2000122070312,679.7000122070312,0.949999988079071,178.05316162109375,30.25,447.70001220703125
2019-10-03,226.41635131835938,922.5499877929688,668.25,0.9900000095367432,171.2190704345703,29.549999237060547,442.54998779296875
2019-10-04,230.48876953125,929.0499877929688,656.1500244140625,0.949999988079071,170.3934783935547,29.600000381469727,432.70001220703125
2019-10-07,221.7479705810547,926.8499755859375,672.75,0.9100000262260437,169.10922241210938,31.649999618530273,421.3999938964844
2019-10-09,226.26736450195312,934.0999755859375,686.2999877929688,0.8700000047683716,169.88894653320312,31.549999237060547,410.1000061035156
2019-10-10,221.59898376464844,923.0499877929688,672.9000244140625,0.8299999833106995,169.24681091308594,30.350000381469727,422.20001220703125
2019-10-11,218.76815795898438,930.0,672.5,0.8299999833106995,173.420654296875,30.0,433.1499938964844
2019-10-14,216.48362731933594,947.25,683.5499877929688,0.8299999833106995,174.38385009765625,30.0,427.1499938964844
2019-10-15,219.0164794921875,950.4500122070312,690.0,0.7900000214576721,175.48464965820312,30.0,426.1000061035156
2019-10-16,220.75469970703125,940.75,693.5,0.7900000214576721,178.55767822265625,29.950000762939453,433.1499938964844
2019-10-17,221.49966430664062,957.9500122070312,710.5499877929688,0.7900000214576721,182.86912536621094,29.950000762939453,434.79998779296875
2019-10-18,224.18148803710938,962.3499755859375,709.2000122070312,0.7900000214576721,188.92347717285156,30.600000381469727,437.0
2019-10-22,219.4137725830078,965.0,712.7000122070312,0.7900000214576721,191.53787231445312,30.950000762939453,448.8500061035156
2019-10-23,219.5131072998047,965.4500122070312,714.7999877929688,0.7900000214576721,191.4919891357422,30.100000381469727,459.3999938964844
2019-10-24,223.0392303466797,985.4000244140625,707.4500122070312,0.7900000214576721,188.23548889160156,30.200000762939453,445.6499938964844
2019-10-25,218.1721954345703,985.75,708.0499877929688,0.7599999904632568,188.785888671875,30.25,434.25
2019-10-29,231.38270568847656,985.5,739.1500244140625,0.7599999904632568,192.45518493652344,30.100000381469727,456.95001220703125
2019-10-30,230.3397674560547,991.2000122070312,747.6500244140625,0.7599999904632568,189.0610809326172,31.700000762939453,453.8999938964844
2019-10-31,229.8431396484375,1017.5999755859375,736.0,0.7300000190734863,190.62054443359375,32.150001525878906,466.1499938964844
2019-11-01,227.55862426757812,1045.550048828125,748.2999877929688,0.7300000190734863,190.16188049316406,33.20000076293945,472.3500061035156
2019-11-04,224.72779846191406,1018.1500244140625,742.1500244140625,0.699999988079071,197.2711639404297,33.650001525878906,469.8999938964844
2019-11-05,219.56277465820312,999.5499877929688,737.5999755859375,0.699999988079071,193.5559844970703,32.79999923706055,464.75
2019-11-06,223.6848602294922,997.5,747.0999755859375,0.7300000190734863,194.79437255859375,32.5,456.3999938964844
2019-11-07,220.35740661621094,1002.7999877929688,734.6500244140625,0.7599999904632568,194.93197631835938,31.950000762939453,414.6000061035156
2019-11-08,215.54002380371094,982.6500244140625,725.4500122070312,0.7599999904632568,191.9965362548828,31.850000381469727,414.25
2019-11-11,217.07960510253906,975.8499755859375,733.5999755859375,0.7599999904632568,192.50106811523438,32.29999923706055,412.04998779296875
2019-11-13,218.51983642578125,1006.5499877929688,710.25,0.75,190.07012939453125,30.299999237060547,414.95001220703125
2019-11-14,217.5265655517578,970.8499755859375,715.8499755859375,0.75,185.5293731689453,30.0,412.6000061035156
2019-11-15,219.3641357421875,982.5999755859375,716.5499877929688,0.7200000286102295,184.47445678710938,29.649999618530273,414.8999938964844
2019-11-18,215.88768005371094,1000.8499755859375,723.0499877929688,0.6899999976158142,183.74058532714844,30.100000381469727,412.29998779296875
2019-11-19,215.54002380371094,984.75,747.8499755859375,0.6899999976158142,183.05259704589844,30.0,409.0
2019-11-20,221.4499969482422,978.4000244140625,748.7999877929688,0.6899999976158142,186.30909729003906,28.25,406.6000061035156
2019-11-21,223.75,977.5999755859375,737.1500244140625,0.6899999976158142,180.392333984375,28.25,405.79998779296875
2019-11-22,222.8000030517578,971.2000122070312,732.0999755859375,0.7200000286102295,182.45631408691406,28.950000762939453,402.04998779296875
2019-11-25,222.0,964.4500122070312,754.7999877929688,0.7200000286102295,184.0157928466797,28.899999618530273,401.20001220703125
2019-11-26,222.9499969482422,954.7000122070312,752.25,0.75,181.1720733642578,28.600000381469727,402.5
2019-11-27,228.10000610351562,954.0999755859375,752.4500122070312,0.75,184.3368377685547,28.149999618530273,395.1499938964844
2019-11-28,240.60000610351562,950.4500122070312,750.5499877929688,0.75,188.83175659179688,28.100000381469727,401.75
2019-11-29,248.3000030517578,968.5,739.5,0.75,188.09788513183594,27.75,409.04998779296875
2019-12-02,260.0,971.3499755859375,744.2000122070312,0.75,188.83175659179688,27.0,401.54998779296875
2019-12-03,252.25,962.25,733.25,0.75,188.6024169921875,27.149999618530273,399.79998779296875
2019-12-04,246.14999389648438,945.2999877929688,739.75,0.75,185.94216918945312,27.200000762939453,396.70001220703125
2019-12-05,248.35000610351562,973.4500122070312,729.5,0.7200000286102295,180.20887756347656,26.899999618530273,396.25
2019-12-06,242.64999389648438,965.9500122070312,717.5499877929688,0.7200000286102295,175.80569458007812,27.049999237060547,395.3999938964844
2019-12-09,236.35000610351562,962.7000122070312,731.9500122070312,0.6899999976158142,175.7598419189453,27.399999618530273,389.45001220703125
2019-12-10,229.8000030517578,968.3499755859375,715.3499755859375,0.6600000262260437,171.76947021484375,26.850000381469727,381.04998779296875
2019-12-11,231.0500030517578,968.6500244140625,716.4500122070312,0.6600000262260437,171.76947021484375,26.350000381469727,391.54998779296875
2019-12-12,240.14999389648438,964.7999877929688,721.5999755859375,0.6600000262260437,174.61318969726562,26.25,383.54998779296875
2019-12-13,241.10000610351562,957.4500122070312,752.0,0.6399999856948853,180.07127380371094,26.5,383.1499938964844
2019-12-16,240.85000610351562,973.2999877929688,747.0999755859375,0.6100000143051147,176.76889038085938,26.600000381469727,389.70001220703125
2019-12-17,240.1999969482422,971.9000244140625,745.5499877929688,0.6100000143051147,179.9795379638672,26.5,395.0
2019-12-18,237.25,971.6500244140625,742.0,0.6100000143051147,181.35552978515625,26.649999618530273,397.29998779296875
2019-12-19,237.89999389648438,968.75,742.75,0.6100000143051147,180.66754150390625,26.649999618530273,397.75
2019-12-20,236.9499969482422,960.0,739.7000122070312,0.6100000143051147,184.0616455078125,26.5,395.70001220703125
2019-12-23,238.10000610351562,973.0,743.5499877929688,0.6100000143051147,180.9886016845703,26.549999237060547,388.95001220703125
2019-12-24,238.25,984.2999877929688,740.4500122070312,0.6100000143051147,182.41046142578125,26.5,391.3999938964844
2019-12-26,250.0,981.25,736.1500244140625,0.6100000143051147,181.35552978515625,26.5,397.20001220703125
2019-12-27,251.14999389648438,975.1500244140625,760.7000122070312,0.6100000143051147,186.49256896972656,26.200000762939453,414.70001220703125
2019-12-30,251.75,982.5,754.2000122070312,0.6100000143051147,188.785888671875,26.200000762939453,419.5
2019-12-31,251.89999389648438,980.0499877929688,754.0,0.6100000143051147,193.92291259765625,26.0,418.54998779296875
